team,elo_after,avg_goals_for_5,avg_goals_against_5,avg_points_5,avg_goals_for_10,avg_goals_against_10,avg_points_10,elo_rank_after
Argentina,2094.8090736548256,2.8,1.4,3.0,2.9,0.7,3.0,1
Spain,2077.6441326622,1.8,0.2,3.0,1.7,0.3,2.4,2
France,2013.4689600608965,2.0,0.6,2.4,2.3,0.8,2.4,3
England,1959.2313986768959,2.0,1.2,2.4,1.8,0.9,2.2,4
Brazil,1955.7871011825835,2.0,0.8,2.0,2.3,1.1,2.0,5
Colombia,1949.4779513258218,1.0,0.2,2.2,1.5,0.7,2.0,6
Portugal,1946.5599420607525,1.6,0.6,1.6,2.3,0.6,2.1,7
Netherlands,1916.5988135592875,2.6,1.2,2.2,2.1,1.0,1.9,8
Germany,1915.0464490653362,2.6,1.2,2.0,3.1,1.0,2.5,9
Morocco,1908.197464083279,1.8,1.0,2.0,2.2,0.8,2.1,10
Belgium,1893.6816437933624,2.6,1.2,2.0,2.7,1.0,2.1,11
Mexico,1891.1055295697568,2.0,0.6,2.4,1.9,0.5,2.3,12
Italy,1886.898619569303,1.2,1.0,2.0,2.4,1.0,2.5,13
Japan,1886.19103152435,1.8,1.0,1.6,1.9,0.7,2.3,14
Ecuador,1875.3182087221217,1.0,0.8,1.4,1.1,0.7,1.6,15
Croatia,1869.734526168344,1.6,1.6,1.8,1.7,1.7,1.8,16
Switzerland,1865.6372878849972,1.8,1.0,2.0,1.8,1.2,1.6,17
Norway,1861.180249688799,1.8,2.0,1.8,1.8,1.5,1.7,18
Denmark,1844.7559878668583,2.0,1.4,1.6,2.4,1.0,1.9,19
Turkey,1841.943623626517,1.8,1.2,1.8,1.9,0.9,2.2,20
Uruguay,1839.7390078202197,0.8,1.0,0.8,0.8,1.1,1.2,21
Austria,1821.767965524058,1.4,1.8,1.4,1.6,1.2,1.7,22
Algeria,1818.0413439865615,1.8,1.8,1.4,1.8,1.1,1.7,23
Iran,1815.710250845596,1.6,0.8,1.8,1.6,0.6,1.7,24
Paraguay,1804.7222018419347,0.6,1.2,1.0,1.2,1.1,1.4,25
Senegal,1797.2428274543427,2.0,1.8,0.8,1.8,1.6,1.3,26
Australia,1795.7303400950027,0.8,0.8,1.2,1.0,1.0,1.2,27
South Korea,1790.1017304279364,1.6,0.6,1.8,1.3,0.8,1.8,28
Ukraine,1787.4698458118226,1.4,1.0,1.8,1.5,1.6,1.6,29
Canada,1786.40014645739,1.8,1.2,1.4,1.6,0.9,1.6,30
United States,1778.1067494603549,2.2,1.6,1.8,2.2,2.0,1.5,31
Russia,1776.5285167932982,1.8,0.4,2.0,1.9,0.7,2.0,32
Ivory Coast,1769.3520843057183,1.4,1.0,1.8,2.0,1.0,2.1,33
Basque Country,1766.4096551672724,2.0,0.8,2.2,2.2,0.7,2.2,34
Egypt,1764.7849671455806,1.6,1.4,1.2,1.4,0.9,1.4,35
Nigeria,1759.847271068252,2.0,1.2,1.6,1.8,0.7,1.9,36
Chile,1748.1726710910557,2.0,2.0,1.8,1.4,1.6,1.6,37
Venezuela,1747.5190715609672,1.4,1.0,1.4,1.1,1.7,1.0,38
Jersey,1745.0910069490012,2.8,1.8,2.0,2.7,1.0,2.5,39
Serbia,1744.9400713198177,1.0,2.6,1.2,0.9,2.2,1.2,40
Yugoslavia,1744.7422070776056,1.6,1.8,1.2,2.1,1.3,1.4,41
Hungary,1743.4621008247411,1.6,1.0,2.0,1.7,1.2,1.8,42
Sweden,1741.3273839947317,1.8,2.4,1.0,1.8,2.3,1.2,43
Poland,1738.7473235472573,1.8,2.0,1.4,1.7,1.3,1.8,44
Scotland,1731.4581580273123,1.8,1.0,1.8,1.7,1.3,1.5,45
Czech Republic,1730.7310921404678,1.8,1.6,1.4,2.1,1.4,1.5,46
Greece,1725.7625057198193,0.4,0.8,0.6,1.2,1.6,0.9,47
Czechoslovakia,1712.3057867289822,2.6,0.8,2.2,2.1,0.9,1.7,48
Slovenia,1708.058198911106,1.2,1.4,1.0,0.8,1.4,0.8,49
Uzbekistan,1707.7464386697654,0.6,3.0,0.0,1.0,1.8,0.9,50
Republic of Ireland,1702.5421705957367,1.8,0.6,1.8,1.6,0.8,1.8,51
German DR,1701.4394049537605,2.2,1.0,2.6,1.9,1.3,2.2,52
Peru,1700.5658420637824,1.2,2.0,0.8,0.8,1.7,0.6,53
Panama,1697.7911817759143,1.0,1.4,0.8,1.1,1.7,0.9,54
DR Congo,1690.5279838069614,1.2,1.4,0.8,1.2,0.8,1.4,55
Guernsey,1681.6744164223223,1.4,0.8,1.8,2.3,1.0,1.8,56
Kosovo,1681.3371832058494,1.8,1.4,1.4,1.4,1.1,1.7,57
Wales,1679.2335263265068,2.2,1.2,1.2,1.5,1.4,1.2,58
Slovakia,1673.4344357152656,1.8,2.6,1.4,1.5,1.5,1.9,59
Iraq,1671.8865359392737,0.4,3.0,0.2,0.7,1.9,1.0,60
Catalonia,1667.4809096691308,2.0,1.4,1.6,2.1,1.1,1.9,61
Tunisia,1662.839796358115,0.4,3.6,0.0,0.7,2.3,0.6,62
Costa Rica,1662.63438124026,0.6,2.6,0.4,1.1,1.9,0.8,63
Cameroon,1661.8810038854663,1.2,1.0,1.8,1.0,0.7,1.7,64
Northern Cyprus,1661.1750180150852,3.6,0.8,2.6,3.3,0.9,2.2,65
Jordan,1656.9051873001,0.8,2.8,0.0,1.2,2.1,0.8,66
Saudi Arabia,1656.0815906368293,0.8,1.0,1.2,0.8,1.5,0.9,67
Mali,1653.0862488330595,0.2,0.8,0.6,1.2,0.9,1.4,68
Georgia,1652.8703695094682,1.6,1.0,1.6,1.4,1.8,1.1,69
Romania,1650.7627888511047,2.0,1.2,1.4,1.6,1.5,1.4,70
Isle of Man,1648.2582930234603,4.6,1.4,2.4,3.5,1.2,2.1,71
Israel,1647.4096013713438,1.4,1.2,1.6,1.9,1.7,1.7,72
Ynys Môn,1645.1614723838188,2.2,1.4,2.4,2.1,1.0,2.7,73
Cape Verde,1640.3688817113639,0.8,1.6,0.6,1.1,1.4,0.9,74
South Africa,1638.559358869724,0.6,0.8,1.4,0.9,1.1,1.2,75
Bosnia and Herzegovina,1628.3961504824422,1.2,1.8,1.0,1.2,1.3,1.2,76
Burkina Faso,1626.7369814912113,1.6,1.8,1.0,1.8,1.3,1.7,77
Occitania,1624.9021711892478,1.8,0.6,2.2,3.3,0.6,2.4,78
Bolivia,1624.853142007955,1.2,2.2,1.2,0.7,2.1,0.7,79
United Arab Emirates,1623.4342486501812,1.2,1.6,1.0,1.2,1.4,1.2,80
Honduras,1623.0772961835216,1.0,1.2,1.0,0.8,0.8,1.1,81
Padania,1622.302528426017,2.4,2.0,1.8,2.0,1.6,1.4,82
Isle of Wight,1617.1880307880385,1.6,1.2,1.8,1.9,0.9,2.2,83
New Zealand,1615.8411682733035,0.8,3.0,0.2,1.0,2.3,0.5,84
Northern Ireland,1615.7461622256715,0.8,1.2,1.4,1.0,1.2,1.3,85
Jamaica,1610.6392028422058,0.6,1.0,1.2,0.9,0.8,1.4,86
Andalusia,1607.511206240708,2.2,0.6,2.6,2.3,0.9,2.6,87
Albania,1601.2493690061417,0.2,1.4,0.0,0.9,0.9,1.5,88
Haiti,1599.5363398770562,1.4,2.0,0.6,1.1,1.5,1.0,89
North Macedonia,1598.9172605419224,0.2,3.0,0.4,0.8,1.8,0.8,90
Iceland,1597.9544331634852,0.6,2.2,0.4,1.1,2.2,0.6,91
Ghana,1597.0083448387566,0.6,0.8,1.0,0.5,1.6,0.5,92
Abkhazia,1589.2140842273348,1.2,0.6,1.8,1.8,0.7,1.9,93
Iraqi Kurdistan,1588.7731526265882,1.8,0.6,1.8,2.3,0.9,1.5,94
Kernow,1588.351009981496,3.0,1.0,2.6,2.7,0.9,2.3,95
Guatemala,1577.6687691123955,1.2,3.8,0.6,1.0,2.4,0.8,96
Oman,1574.0709713567462,0.6,1.2,1.0,0.7,1.1,1.0,97
Finland,1570.664325802105,1.6,1.4,1.4,1.1,1.7,1.0,98
Belarus,1570.2046004326935,1.8,0.8,2.2,1.3,2.1,1.2,99
Rhodes,1569.650976914544,1.8,0.8,1.8,1.7,0.9,2.1,100
County of Nice,1569.4566633928262,2.2,1.6,2.0,2.111111111111111,1.4444444444444444,2.111111111111111,101
Kárpátalja,1566.568767684086,2.8,0.8,2.6,2.4,1.2,1.9,102
Corsica,1560.3976654891974,1.0,0.6,1.8,1.1111111111111112,0.5555555555555556,1.7777777777777777,103
Angola,1558.7710141487514,1.2,0.8,1.2,1.4,1.1,1.4,104
Réunion,1557.0050507292158,0.8,0.8,1.2,1.6,0.6,1.8,105
Ellan Vannin,1554.6645384908581,1.8,1.0,2.0,1.6,1.4,1.5,106
Tamil Eelam,1553.9173518075352,3.4,0.6,3.0,2.7,1.3,2.4,107
Yorkshire,1549.432415248468,4.0,2.0,2.4,3.857142857142857,1.5714285714285714,2.2857142857142856,108
Qatar,1549.345312620689,0.4,2.2,0.4,0.6,1.9,0.6,109
Kurdistan,1548.3235456394718,2.4,0.4,2.6,2.4,0.4,2.6,110
Montenegro,1543.4713839883989,1.8,1.6,1.4,1.3,2.0,1.3,111
New Caledonia,1541.6817358682374,1.2,1.0,1.4,2.3,1.0,2.0,112
Galicia,1541.0375509539906,1.4,2.6,1.4,1.3,2.1,1.2,113
Syria,1540.274328655316,0.6,1.2,1.0,2.0,0.9,1.8,114
Artsakh,1537.455550174408,1.8,1.6,2.0,3.1,1.3,1.9,115
China,1537.4174669438983,1.2,1.0,1.6,0.8,1.2,1.1,116
Suriname,1536.736064431339,1.6,1.4,1.0,1.3,1.4,1.0,117
Panjab,1535.5697445293426,3.6,2.0,1.4,3.0,1.4,1.4,118
Arameans Suryoye,1535.0432554002725,1.8,1.2,2.0,1.6,1.2,1.7,119
Palestine,1534.2725960334892,0.6,0.8,0.8,0.5,0.9,0.9,120
Thailand,1530.6167856429515,3.0,1.0,2.2,2.3,0.9,2.0,121
Libya,1529.5844052088905,0.6,0.4,1.4,1.1,0.9,1.5,122
Maule Sur,1528.6802751485857,1.0,0.0,3.0,1.0,0.0,3.0,123
Cascadia,1528.4464961590893,4.0,1.8,2.0,3.2857142857142856,2.0,1.8571428571428572,124
Guinea,1527.8096116421657,1.0,1.0,1.0,1.2,0.9,1.3,125
Menorca,1525.7843899045984,1.2,1.6,0.6,1.8,1.2,1.4,126
Bulgaria,1525.4139306411853,3.0,1.2,2.0,1.6,2.4,1.0,127
Curaçao,1523.3889430406502,1.2,2.6,0.8,1.5,2.1,0.9,128
Zambia,1520.1714687940882,0.6,2.4,0.4,0.5,2.3,0.5,129
Brittany,1518.7496195440658,1.2,1.0,1.8,1.3,1.4,1.5,130
Asturias,1518.3717167485813,3.0,1.0,3.0,3.0,1.0,3.0,131
Gabon,1518.178015310264,1.4,2.4,0.2,1.8,1.9,1.1,132
Chameria,1518.1647079233196,1.8,0.8,1.6,2.0,1.1428571428571428,1.5714285714285714,133
Elba Island,1518.021342147428,4.5,1.0,3.0,4.5,1.0,3.0,134
Zanzibar,1516.7812846969127,1.2,0.8,2.0,1.3,0.8,2.0,135
Biafra,1516.3012026799229,0.6666666666666666,0.3333333333333333,2.0,0.6666666666666666,0.3333333333333333,2.0,136
Surrey,1515.4298429598432,3.0,1.0,3.0,3.0,1.0,3.0,137
Benin,1515.1117884263529,1.0,1.8,1.4,0.6,2.0,1.0,138
Bahrain,1515.106384227755,1.2,2.0,1.2,0.9,1.7,0.7,139
Canary Islands,1514.4728166574364,2.75,0.75,2.25,2.75,0.75,2.25,140
Crimea,1512.9303839713702,1.4,2.2,1.8,1.4,2.2,1.8,141
Parishes of Jersey,1511.7513707710366,3.6666666666666665,1.3333333333333333,2.0,3.6666666666666665,1.3333333333333333,2.0,142
Donetsk PR,1510.939468975561,1.6,1.2,1.6,1.3333333333333333,1.1666666666666667,1.3333333333333333,143
Vietnam,1510.6799398811943,1.8,1.0,2.4,2.4,1.0,2.7,144
Quebec,1510.6142115667428,8.0,0.6666666666666666,2.0,8.0,0.6666666666666666,2.0,145
Malaysia,1510.1880999209106,2.4,0.4,3.0,1.9,0.6,2.3,146
Tahiti,1508.3745266088135,1.4,1.4,1.8,1.2,1.4,1.6,147
Felvidék,1507.4834909042768,1.0,0.8,1.8,1.1,1.6,1.4,148
Franconia,1506.8865489808873,2.6666666666666665,3.6666666666666665,2.0,2.6666666666666665,3.6666666666666665,2.0,149
Trinidad and Tobago,1505.0359528142037,0.6,3.4,0.2,1.0,2.3,0.7,150
Gambia,1504.017448327003,2.8,2.4,0.8,2.2,1.6,1.4,151
Silesia,1501.2738232948664,3.6,2.0,1.6,3.0,2.125,1.375,152
North Korea,1501.1990344649305,1.0,2.6,0.4,1.0,2.1,0.4,153
Central Spain,1501.0208141645703,1.0,2.0,1.5,1.0,2.0,1.5,154
Mapuche,1500.6471999915343,1.5,1.0,1.5,1.5,1.0,1.5,155
Sealand,1500.5762007375208,3.2,1.6,2.2,2.4,2.5,1.6,156
Matabeleland,1499.7659119169139,0.6,0.4,1.6,0.875,1.75,1.375,157
Uganda,1497.2305789510285,1.0,2.4,0.8,1.4,1.5,1.4,158
Délvidék,1496.3863039699606,2.0,1.5,1.5,2.0,1.5,1.5,159
Saugeais,1496.1275511364286,1.0,1.0,1.0,1.0,1.0,1.0,160
United Koreans in Japan,1495.799107935432,1.4,0.8,1.2,1.9,0.8,1.2,161
Indonesia,1491.307763218969,1.6,0.4,1.8,1.7,1.1,1.6,162
Guadeloupe,1490.9060207549412,1.4,2.0,1.2,1.5,1.1,1.6,163
Luhansk PR,1489.5457218266902,1.8,2.2,1.4,1.5,2.0,1.1666666666666667,164
Cilento,1487.6503205891079,0.0,2.0,0.0,0.0,2.0,0.0,165
Madrid,1486.9073217114794,1.0,2.0,0.0,1.0,2.0,0.0,166
Togo,1486.4765257808835,1.8,0.8,1.8,1.2,1.1,1.3,167
Western Armenia,1486.2152780051383,1.6,1.0,1.0,2.0,1.3,1.4,168
Madagascar,1485.5999501703495,1.8,2.2,1.4,1.7,1.9,1.6,169
Somaliland,1485.1259884624994,2.4,3.6,1.2,2.3333333333333335,3.3333333333333335,1.1666666666666667,170
Ryūkyū,1484.622620790215,0.0,9.0,0.0,0.0,9.0,0.0,171
Yoruba Nation,1484.3717103463282,0.5,1.0,0.5,0.5,1.0,0.5,172
Kuwait,1483.6962048286143,1.4,1.8,1.0,1.5,2.2,1.0,173
Kazakhstan,1483.5215220349912,1.0,1.0,1.4,1.1,1.4,1.2,174
Åland Islands,1483.1337353331267,0.8,1.8,0.8,0.8,1.4,1.0,175
Seborga,1482.1305078207204,2.0,3.0,0.0,2.0,3.0,0.0,176
Shetland,1481.893444326179,2.6,1.4,1.6,1.8,2.0,1.1,177
South Ossetia,1481.785959765482,1.6,1.2,1.6,1.3,2.2,1.4,178
El Salvador,1481.6532657423597,0.6,1.2,1.0,0.5,1.4,0.8,179
Monaco,1480.4824987520608,1.0,3.2,1.4,1.3,2.9,1.1,180
West Papua,1480.3402188385717,1.5,4.5,0.5,1.5,4.5,0.5,181
East Turkestan,1479.9406511669922,3.0,3.2,1.2,3.0,3.2,1.2,182
Comoros,1479.7974619321756,0.2,0.2,1.2,0.8,1.5,0.7,183
Hmong,1479.4378174366464,2.0,3.3333333333333335,1.0,2.0,3.3333333333333335,1.0,184
Kenya,1478.6009095996917,1.0,2.6,1.0,1.4,1.7,1.5,185
Greenland,1476.5773408359828,1.8,3.2,1.2,1.5,2.5,1.4,186
Niue,1476.4092852579513,0.0,16.5,0.0,0.0,16.5,0.0,187
South Yemen,1474.7522404446966,0.3333333333333333,2.6666666666666665,0.0,0.3333333333333333,2.6666666666666665,0.0,188
Chechnya,1473.5355915377509,1.0,9.666666666666666,0.3333333333333333,1.0,9.666666666666666,0.3333333333333333,189
Gozo,1473.014819735699,0.8,1.2,1.0,2.6,1.4,1.4,190
Republic of St. Pauli,1472.3575897859282,2.5,1.25,1.0,2.5,1.25,1.0,191
Kabylia,1472.289492545524,1.6,1.4,1.0,1.3333333333333333,2.5,0.8333333333333334,192
Rouet-Provence,1471.2557273300315,1.0,2.6666666666666665,0.3333333333333333,1.0,2.6666666666666665,0.3333333333333333,193
Mozambique,1470.9740412910191,0.8,2.0,0.6,1.0,1.5,1.0,194
Aymara,1470.67252485988,0.5,2.0,0.0,0.5,2.0,0.0,195
Romani people,1470.5749467236626,1.6,2.8,0.6,1.8571428571428572,3.7142857142857144,0.8571428571428571,196
Luxembourg,1469.5127093060414,0.2,1.2,0.6,0.2,1.5,0.4,197
Mauritania,1468.8279496958705,0.6,1.2,0.8,0.6,1.1,1.0,198
Székely Land,1468.1240398271327,3.0,1.8,1.4,2.1,2.2,1.1,199
Guyana,1467.3663003805261,2.8,0.6,3.0,2.6,1.2,2.4,200
Papua New Guinea,1466.2296177336323,2.0,1.0,2.6,1.8,1.5,1.8,201
North Vietnam,1465.6582159598106,1.8,1.6,1.4,2.5,1.5,1.5,202
Sudan,1465.3590129646054,0.6,2.2,0.6,0.5,1.7,0.7,203
Zimbabwe,1464.2127176167546,1.4,1.2,1.4,1.1,1.3,1.1,204
Nicaragua,1463.5147747206947,0.6,1.8,0.8,0.5,2.2,0.5,205
Martinique,1458.5920620045026,0.4,1.2,0.4,0.6,1.2,0.7,206
Western Isles,1457.7483398771524,1.4,1.2,1.4,1.1,1.9,1.0,207
Găgăuzia,1457.3624564633544,0.6666666666666666,3.0,0.3333333333333333,0.6666666666666666,3.0,0.3333333333333333,208
Estonia,1457.1415367874338,1.4,1.0,2.0,1.0,1.8,1.2,209
Palau,1457.0517551383882,2.0,10.5,0.0,2.0,10.5,0.0,210
Rwanda,1456.9917700035348,1.4,0.8,1.8,0.8,1.2,1.0,211
Canton Ticino,1454.2150257348799,1.2,4.2,0.6,1.2,4.2,0.6,212
Vanuatu,1453.8085651148647,1.8,1.2,2.0,1.6,2.2,1.4,213
Western Sahara,1453.4914948453727,2.2,4.4,1.2,1.7777777777777777,4.222222222222222,0.7777777777777778,214
Manchukuo,1452.0462967079204,0.0,5.333333333333333,0.0,0.0,5.333333333333333,0.0,215
Sápmi,1451.203139693704,0.8,2.6,0.6,1.1,2.0,0.9,216
Dominican Republic,1451.156334450308,1.4,1.4,1.2,1.0,1.6,0.7,217
Sierra Leone,1447.8282101592536,1.0,1.2,1.4,1.1,1.1,1.4,218
Equatorial Guinea,1447.8073534038392,0.6,1.2,0.8,0.5,1.5,0.5,219
Provence,1447.6237410978886,6.2,2.4,1.2,5.5,2.0,1.2,220
Two Sicilies,1447.5793784024147,0.4,2.8,0.6,0.5,3.0,0.5,221
Marshall Islands,1447.2507057213043,1.0,3.5,0.0,1.0,3.5,0.0,222
Saarland,1445.6292269549524,1.2,3.6,0.2,1.1111111111111112,2.888888888888889,0.5555555555555556,223
Niger,1444.4153682688818,0.4,0.8,0.6,0.9,1.3,1.2,224
Kyrgyzstan,1443.2458000030676,0.6,1.4,0.6,1.0,1.7,0.7,225
Tajikistan,1442.9550190925236,2.8,0.4,2.6,2.2,1.1,2.3,226
Lebanon,1442.8260271060217,2.0,0.4,2.0,2.1,0.5,1.8,227
Armenia,1441.1459552744832,0.8,2.8,0.4,0.8,2.5,0.6,228
Sark,1441.1029838248205,0.0,17.5,0.0,0.0,17.5,0.0,229
Fiji,1438.4033919039796,0.2,3.4,0.0,0.7,2.8,0.6,230
Mayotte,1438.1835551384302,1.2,0.6,1.6,1.2,0.8,1.7,231
Faroe Islands,1431.0346053459848,1.0,1.0,1.8,1.4,0.8,2.1,232
Gotland,1429.2962119379488,3.8,1.6,1.2,2.9,1.9,0.9,233
Namibia,1429.159167107564,0.0,2.0,0.2,0.7,1.6,0.8,234
Ambazonia,1427.9270495472924,0.2,3.0,0.0,0.5,2.8333333333333335,0.16666666666666666,235
Orkney,1426.9211602605437,2.0,1.6,1.8,1.9,1.8,1.6,236
Botswana,1423.269051293103,0.2,2.0,0.6,0.6,1.8,0.7,237
Saint Barthélemy,1422.6656057513874,3.0,2.4,1.4,2.5,3.0,1.3,238
Malawi,1421.6559223442891,0.4,0.6,1.0,0.9,0.9,1.2,239
Vatican City,1420.0580742473826,0.8,2.0,0.4,0.75,2.625,0.375,240
Micronesia,1419.6451737540635,1.4,10.4,0.6,1.1428571428571428,8.428571428571429,0.42857142857142855,241
Azerbaijan,1417.682623986793,2.0,1.6,1.4,1.2,2.1,0.8,242
French Guiana,1416.6335549179125,1.4,2.0,0.4,1.7,1.5,1.1,243
Ethiopia,1416.5671042333272,0.8,1.2,1.4,1.2,1.4,1.3,244
Barawa,1415.2535717783448,0.4,5.0,0.6,1.4,3.8,0.9,245
Western Australia,1415.2230212952625,1.4,1.6,1.0,1.4,1.7,1.1,246
Cyprus,1415.1069237790098,1.6,1.6,1.4,1.6,1.5,1.2,247
Cuba,1415.0068360623332,1.6,1.0,1.6,1.0,1.9,1.1,248
Burundi,1410.6251478632278,0.0,2.2,0.0,0.6,1.4,0.7,249
Yemen DPR,1409.855716222203,0.8,2.2,0.8,1.0,2.4,0.6,250
Darfur,1407.5380612037925,0.2,13.2,0.0,0.14285714285714285,14.142857142857142,0.0,251
Vietnam Republic,1406.8077532837628,0.2,2.4,0.0,1.0,2.0,0.8,252
Liberia,1403.7781555028914,1.0,1.4,0.8,1.3,1.5,1.2,253
Chagos Islands,1402.7856169417482,1.2,6.2,0.0,1.5,5.6,0.4,254
Lesotho,1402.4565835759754,0.6,0.8,1.0,0.7,1.9,0.9,255
Tanzania,1401.6365935080034,1.6,0.8,1.0,1.2,1.4,0.5,256
Raetia,1400.553102023539,3.6,2.6,1.4,2.7,2.8,1.0,257
Saint Helena,1400.480740776106,0.6,3.8,0.0,0.75,5.125,0.0,258
Saint Pierre and Miquelon,1399.5772503010096,0.4,12.0,0.0,0.2857142857142857,11.142857142857142,0.0,259
Malta,1398.974343151107,1.4,1.8,1.2,1.1,2.3,1.1,260
Solomon Islands,1398.244923943289,1.2,4.0,0.0,1.6,2.9,0.6,261
Turkmenistan,1398.2393190218424,2.0,1.0,2.4,1.6,1.4,1.6,262
Hitra,1394.3156606555158,2.8,2.6,1.2,2.3,2.9,1.3,263
Saint Vincent and the Grenadines,1389.9842663251243,1.6,1.6,1.8,2.6,1.1,1.9,264
Central African Republic,1388.0429344618387,0.8,2.6,0.8,0.7,2.1,0.8,265
Bermuda,1382.436742374097,1.0,3.0,0.8,1.4,2.6,1.0,266
Guinea-Bissau,1377.6044176768562,0.6,1.6,0.8,0.6,1.7,0.5,267
Puerto Rico,1370.9202490689786,1.6,2.0,1.8,1.1,1.9,1.1,268
Kiribati,1370.5977978198202,0.4,12.8,0.0,0.7,10.2,0.1,269
Philippines,1368.1894878614557,3.8,0.8,3.0,2.9,1.1,2.5,270
Saare County,1363.497228903899,2.4,2.0,1.6,1.6,2.1,1.1,271
Latvia,1362.178866063749,0.4,1.8,0.4,0.5,1.4,0.5,272
Lithuania,1361.4492095245814,0.6,1.6,0.8,0.7,1.6,0.6,273
Moldova,1361.2287443877403,1.2,2.4,0.4,0.9,3.2,0.3,274
Congo,1359.8862067416042,0.8,1.8,0.2,0.6,2.3,0.5,275
Sint Maarten,1356.4472289912692,1.4,0.8,2.2,1.3,2.2,1.7,276
Wallis Islands and Futuna,1356.1137552007149,1.4,7.4,0.6,0.7,5.8,0.3,277
Eswatini,1345.1495665883956,1.0,2.6,0.4,0.7,2.4,0.5,278
Singapore,1339.1908245962416,2.2,1.4,1.8,1.9,1.3,1.7,279
Hong Kong,1335.8688306349338,1.0,1.2,1.0,1.9,1.1,1.5,280
Saint Kitts and Nevis,1333.8462153416287,1.6,2.6,1.4,2.1,2.7,1.3,281
Belize,1327.4403100750915,2.0,2.0,1.2,1.5,2.7,1.0,282
Yemen,1327.134766146706,4.4,1.0,2.2,2.8,1.0,1.8,283
Tibet,1323.795110738471,2.4,4.2,0.2,1.6,4.1,0.2,284
Saint Martin,1322.541522447789,1.8,1.0,1.8,1.7,1.7,1.5,285
Samoa,1319.0763116607768,1.0,3.2,1.2,1.2,3.0,1.2,286
Grenada,1318.7697204527242,0.4,2.6,0.6,1.7,2.1,1.5,287
Tuvalu,1316.8587439034163,1.6,4.2,1.2,1.3,5.6,0.7,288
South Sudan,1306.2171713874125,0.2,2.2,0.4,0.6,2.0,0.6,289
Montserrat,1305.784431129367,0.4,1.4,0.6,0.6,2.0,0.6,290
Saint Lucia,1302.9458961631242,0.8,3.4,0.6,0.9,3.1,0.9,291
Falkland Islands,1302.227549202681,0.6,3.2,0.2,0.7,3.3,0.1,292
India,1300.475326564315,0.4,1.6,0.2,0.4,1.4,0.3,293
Chad,1289.7360663069553,1.2,2.4,0.2,0.8,2.1,0.3,294
Frøya,1287.558907759576,1.0,4.8,0.6,1.3,3.9,0.4,295
Cook Islands,1273.469309392002,0.4,2.0,0.6,0.5,3.3,0.6,296
Aruba,1258.9813095807926,2.2,1.2,2.0,1.5,1.9,1.4,297
Eritrea,1257.2939371036402,0.4,2.0,0.0,0.4,2.1,0.1,298
Mauritius,1255.8325141647742,0.8,2.0,0.4,0.6,1.5,0.6,299
Bonaire,1246.530295016166,1.2,2.2,0.6,0.8,2.2,0.6,300
Dominica,1242.8191362158768,0.6,2.4,0.2,0.7,1.8,0.7,301
São Tomé and Príncipe,1236.5845791788465,0.8,2.8,0.6,0.6,2.1,0.5,302
Afghanistan,1234.662183085182,0.4,1.0,1.0,0.4,1.5,0.5,303
Gibraltar,1233.2880421144496,1.8,2.4,1.2,1.0,2.5,0.6,304
Antigua and Barbuda,1227.2345244997198,0.2,1.4,0.4,0.3,2.2,0.2,305
Myanmar,1220.919522901353,1.8,3.0,0.8,1.6,2.4,1.4,306
Barbados,1218.1516382134455,1.4,2.6,0.6,1.2,2.3,0.6,307
Bangladesh,1215.5900822178405,1.2,1.4,1.6,1.2,1.3,1.3,308
Turks and Caicos Islands,1205.3137288525568,1.2,2.2,1.4,0.9,1.8,1.0,309
Nepal,1204.9413694236016,0.6,1.4,0.4,0.7,1.1,0.9,310
Andorra,1204.3245197813312,0.4,1.2,0.8,0.5,1.6,0.6,311
Tonga,1201.340715865733,2.2,2.0,1.2,1.2,4.5,0.6,312
Taiwan,1191.5725634147116,0.6,4.0,0.0,1.4,2.9,0.6,313
Cayman Islands,1182.8299767936335,1.6,1.4,1.4,0.9,2.1,0.8,314
Pakistan,1166.8645912401087,1.6,1.2,2.0,0.8,1.5,1.1,315
Cambodia,1160.9600209653042,1.8,1.0,1.4,1.7,1.5,1.1,316
Northern Mariana Islands,1160.1585205482,1.8,2.4,1.4,1.0,4.4,0.8,317
British Virgin Islands,1159.9789494621878,2.6,1.0,2.0,1.7,1.5,1.4,318
Alderney,1150.6851371449732,1.2,3.8,0.6,0.9,3.2,0.6,319
Djibouti,1144.7700527507568,0.2,2.8,0.0,0.5,2.7,0.2,320
Somalia,1141.511016176137,0.4,1.4,0.8,0.4,1.7,0.5,321
American Samoa,1133.219386877456,0.8,4.6,0.0,0.6,6.6,0.1,322
Bahamas,1129.9841464896372,0.4,4.0,0.0,1.2,3.9,0.4,323
United States Virgin Islands,1127.404105633325,2.2,1.6,1.4,1.5,2.0,1.0,324
Sri Lanka,1115.5317589536146,0.6,2.0,0.8,0.9,1.5,1.3,325
Maldives,1112.6279928030026,0.0,2.2,0.0,0.6,2.0,0.4,326
Guam,1106.635139856396,1.6,4.0,0.6,1.4,2.8,0.7,327
Liechtenstein,1105.7842703673975,0.4,3.0,0.6,0.3,3.3,0.3,328
Mongolia,1104.3075849715694,0.4,2.6,0.6,0.5,2.4,0.6,329
Seychelles,1102.7197719699775,0.0,5.6,0.0,0.2,5.3,0.0,330
Anguilla,1069.8440530103935,1.0,2.6,1.2,0.8,2.8,0.6,331
Laos,1066.4501251992463,0.6,3.2,0.6,1.1,2.9,0.5,332
Brunei,1040.8354472332935,0.4,3.2,0.6,0.4,2.4,0.7,333
Timor-Leste,1022.7819811788981,0.6,2.6,0.6,0.6,3.5,0.3,334
San Marino,1008.7680474266306,0.8,2.6,0.2,0.5,3.7,0.1,335
Macau,995.118626183558,0.4,3.0,0.0,0.3,2.8,0.1,336
Bhutan,986.6010189849164,0.4,3.8,0.0,0.3,2.4,0.4,337
